<ImportExportXml version="9.2.24103.228" SolutionPackageVersion="9.2" languagecode="1033" generatedBy="CrmLive" xmlns:xsi="http://www.w3.org/2001/XMLSchema-instance" OrganizationVersion="9.2.24103.228" OrganizationSchemaType="Full" CRMServerServiceabilityVersion="9.2.24103.00228">
  <SolutionManifest>
    <UniqueName>RecordDeletionTablePackage</UniqueName>
    <LocalizedNames>
      <LocalizedName description="Record Deletion Table" languagecode="1033" />
    </LocalizedNames>
    <Descriptions />
    <Version>1.0.0.0</Version>
    <Managed>1</Managed>
    <Publisher>
      <UniqueName>Pritchard_KevinPotter</UniqueName>
      <LocalizedNames>
        <LocalizedName description="Pritchard - Kevin Potter" languagecode="1033" />
      </LocalizedNames>
      <Descriptions />
      <EMailAddress xsi:nil="true"></EMailAddress>
      <SupportingWebsiteUrl xsi:nil="true"></SupportingWebsiteUrl>
      <CustomizationPrefix>pri</CustomizationPrefix>
      <CustomizationOptionValuePrefix>89495</CustomizationOptionValuePrefix>
      <Addresses>
        <Address>
          <AddressNumber>1</AddressNumber>
          <AddressTypeCode>1</AddressTypeCode>
          <City xsi:nil="true"></City>
          <County xsi:nil="true"></County>
          <Country xsi:nil="true"></Country>
          <Fax xsi:nil="true"></Fax>
          <FreightTermsCode xsi:nil="true"></FreightTermsCode>
          <ImportSequenceNumber xsi:nil="true"></ImportSequenceNumber>
          <Latitude xsi:nil="true"></Latitude>
          <Line1 xsi:nil="true"></Line1>
          <Line2 xsi:nil="true"></Line2>
          <Line3 xsi:nil="true"></Line3>
          <Longitude xsi:nil="true"></Longitude>
          <Name xsi:nil="true"></Name>
          <PostalCode xsi:nil="true"></PostalCode>
          <PostOfficeBox xsi:nil="true"></PostOfficeBox>
          <PrimaryContactName xsi:nil="true"></PrimaryContactName>
          <ShippingMethodCode>1</ShippingMethodCode>
          <StateOrProvince xsi:nil="true"></StateOrProvince>
          <Telephone1 xsi:nil="true"></Telephone1>
          <Telephone2 xsi:nil="true"></Telephone2>
          <Telephone3 xsi:nil="true"></Telephone3>
          <TimeZoneRuleVersionNumber xsi:nil="true"></TimeZoneRuleVersionNumber>
          <UPSZone xsi:nil="true"></UPSZone>
          <UTCOffset xsi:nil="true"></UTCOffset>
          <UTCConversionTimeZoneCode xsi:nil="true"></UTCConversionTimeZoneCode>
        </Address>
        <Address>
          <AddressNumber>2</AddressNumber>
          <AddressTypeCode>1</AddressTypeCode>
          <City xsi:nil="true"></City>
          <County xsi:nil="true"></County>
          <Country xsi:nil="true"></Country>
          <Fax xsi:nil="true"></Fax>
          <FreightTermsCode xsi:nil="true"></FreightTermsCode>
          <ImportSequenceNumber xsi:nil="true"></ImportSequenceNumber>
          <Latitude xsi:nil="true"></Latitude>
          <Line1 xsi:nil="true"></Line1>
          <Line2 xsi:nil="true"></Line2>
          <Line3 xsi:nil="true"></Line3>
          <Longitude xsi:nil="true"></Longitude>
          <Name xsi:nil="true"></Name>
          <PostalCode xsi:nil="true"></PostalCode>
          <PostOfficeBox xsi:nil="true"></PostOfficeBox>
          <PrimaryContactName xsi:nil="true"></PrimaryContactName>
          <ShippingMethodCode>1</ShippingMethodCode>
          <StateOrProvince xsi:nil="true"></StateOrProvince>
          <Telephone1 xsi:nil="true"></Telephone1>
          <Telephone2 xsi:nil="true"></Telephone2>
          <Telephone3 xsi:nil="true"></Telephone3>
          <TimeZoneRuleVersionNumber xsi:nil="true"></TimeZoneRuleVersionNumber>
          <UPSZone xsi:nil="true"></UPSZone>
          <UTCOffset xsi:nil="true"></UTCOffset>
          <UTCConversionTimeZoneCode xsi:nil="true"></UTCConversionTimeZoneCode>
        </Address>
      </Addresses>
    </Publisher>
    <RootComponents>
      <RootComponent type="1" schemaName="account" behavior="2" />
      <RootComponent type="1" schemaName="contact" behavior="2" />
      <RootComponent type="1" schemaName="pri_recorddeletion" behavior="0" />
      <RootComponent type="29" id="{9f445694-e3a9-ef11-b8e8-7c1e5201b6ec}" behavior="0" />
      <RootComponent type="29" id="{a14a729a-e2a9-ef11-b8e8-7c1e5201b6ec}" behavior="0" />
      <RootComponent type="61" schemaName="pri_RecordDeletionIcon" behavior="0" />
    </RootComponents>
    <MissingDependencies>
      <MissingDependency>
        <Required type="90" schemaName="msdyncrmWorkflowTools.GetRecordID, msdyncrmWorkflowTools, Version=1.0.60.1, Culture=neutral, PublicKeyToken=416e876b9bee261e" displayName="Get Record ID" solution="Dynamics365WorkflowTools (1.0.60.1)" id="{52949e16-8c82-49f0-81d6-2167da5a3194}">
          <package>Dynamics365WorkflowTools (1.0.60.1)</package>
        </Required>
        <Dependent type="29" displayName="Log Record Deletion for Contact's Email" id="{9f445694-e3a9-ef11-b8e8-7c1e5201b6ec}" />
      </MissingDependency>
      <MissingDependency>
        <Required type="90" schemaName="msdyncrmWorkflowTools.GetRecordID, msdyncrmWorkflowTools, Version=1.0.60.1, Culture=neutral, PublicKeyToken=416e876b9bee261e" displayName="Get Record ID" solution="Dynamics365WorkflowTools (1.0.60.1)" id="{52949e16-8c82-49f0-81d6-2167da5a3194}">
          <package>Dynamics365WorkflowTools (1.0.60.1)</package>
        </Required>
        <Dependent type="29" displayName="Log Record Deletion for Account's Industry" id="{a14a729a-e2a9-ef11-b8e8-7c1e5201b6ec}" />
      </MissingDependency>
    </MissingDependencies>
  </SolutionManifest>
</ImportExportXml>